<?xml version="1.0"?>
<Runs Version="1" Minor="0">
	<Run Id="gener4_rgb2dvi_0_0_synth_1" LaunchDir="H:/FPGA/VGA/Gen4/Gen4.runs/gener4_rgb2dvi_0_0_synth_1" FlowId="Vivado_Synthesis" FromStepId="vivado" ToStepId="vivado"/>
	<Run Id="synth_1" LaunchDir="H:/FPGA/VGA/Gen4/Gen4.runs/synth_1" FlowId="Vivado_Synthesis" FromStepId="vivado" ToStepId="vivado">
		<Parent Id="gener4_rgb2dvi_0_0_synth_1"/>
	</Run>
	<Run Id="impl_1" LaunchDir="H:/FPGA/VGA/Gen4/Gen4.runs/impl_1" FlowId="Vivado_Implementation" FromStepId="init_design" ToStepId="write_bitstream">
		<Parent Id="synth_1"/>
		<Parent Id="gener4_rgb2dvi_0_0_synth_1"/>
	</Run>
</Runs>

