<?xml version="1.0" encoding="UTF-8"?>
<GenRun Id="synth_1" LaunchPart="xc7z010clg400-1" LaunchTime="1696399218">
  <File Type="PA-TCL" Name="gener4_wrapper.tcl"/>
  <File Type="REPORTS-TCL" Name="gener4_wrapper_reports.tcl"/>
  <File Type="RDS-RDS" Name="gener4_wrapper.vds"/>
  <File Type="RDS-UTIL" Name="gener4_wrapper_utilization_synth.rpt"/>
  <File Type="RDS-UTIL-PB" Name="gener4_wrapper_utilization_synth.pb"/>
  <File Type="RDS-DCP" Name="gener4_wrapper.dcp"/>
  <FileSet Name="sources" Type="DesignSrcs" RelSrcDir="$PSRCDIR/sources_1">
    <Filter Type="Srcs"/>
    <File Path="$PSRCDIR/sources_1/bd/gener4/gener4.bd">
      <FileInfo>
        <Attr Name="UsedIn" Val="synthesis"/>
        <Attr Name="UsedIn" Val="implementation"/>
        <Attr Name="UsedIn" Val="simulation"/>
      </FileInfo>
    </File>
    <File Path="$PSRCDIR/sources_1/bd/gener4/hdl/gener4_wrapper.v">
      <FileInfo>
        <Attr Name="UsedIn" Val="synthesis"/>
        <Attr Name="UsedIn" Val="implementation"/>
        <Attr Name="UsedIn" Val="simulation"/>
      </FileInfo>
    </File>
    <Config>
      <Option Name="DesignMode" Val="RTL"/>
      <Option Name="TopModule" Val="gener4_wrapper"/>
      <Option Name="TopAutoSet" Val="TRUE"/>
    </Config>
  </FileSet>
  <FileSet Name="constrs_in" Type="Constrs" RelSrcDir="$PSRCDIR/constrs_1">
    <Filter Type="Constrs"/>
    <File Path="$PSRCDIR/constrs_1/new/hdmi4.xdc">
      <FileInfo>
        <Attr Name="UsedIn" Val="synthesis"/>
        <Attr Name="UsedIn" Val="implementation"/>
      </FileInfo>
    </File>
    <Config>
      <Option Name="ConstrsType" Val="XDC"/>
    </Config>
  </FileSet>
  <Strategy Version="1" Minor="2">
    <StratHandle Name="Flow_RuntimeOptimized" Flow="Vivado Synthesis 2018"/>
    <Step Id="synth_design">
      <Option Id="Directive">0</Option>
      <Option Id="FlattenHierarchy">1</Option>
      <Option Id="FsmExtraction">0</Option>
    </Step>
  </Strategy>
  <BlockFileSet Type="BlockSrcs" Name="gener4_processing_system7_0_0"/>
  <BlockFileSet Type="BlockSrcs" Name="gener4_v_axi4s_vid_out_0_0"/>
  <BlockFileSet Type="BlockSrcs" Name="gener4_v_tc_0_0"/>
  <BlockFileSet Type="BlockSrcs" Name="gener4_rst_ps7_0_40M_0"/>
  <BlockFileSet Type="BlockSrcs" Name="gener4_rgb2dvi_0_0"/>
</GenRun>
